id,topic,difficulty,question,choice_a,choice_b,choice_c,choice_d,correct,explanation
1,JVM Internals,hard,What is the primary purpose of dividing the JVM heap into Young Generation and Old Generation?,To optimize garbage collection based on object lifespan patterns,To separate static and instance variables,To allow multithreaded access to different memory regions,To reduce the total heap size needed by the JVM,A,"The generational hypothesis states that most objects die young. By separating short-lived objects (Young Gen with minor GC) from long-lived objects (Old Gen with major GC), the JVM can use efficient copying collectors for the majority of garbage while only occasionally running expensive full GC cycles."
2,JVM Internals,hard,When should you choose ZGC over G1GC?,When you need the fastest possible throughput on small heaps,When you need sub-millisecond GC pauses regardless of heap size,When running on 32-bit JVMs with limited memory,When your application creates very few objects,B,"ZGC is a low-latency collector designed for sub-millisecond pauses regardless of heap size, using colored pointers and load barriers. G1GC targets pause time goals but can still have multi-millisecond pauses. Choose ZGC for ultra-low latency requirements with large heaps (multi-GB to TB)."
3,JVM Internals,expert,"In HotSpot's tiered compilation, what is the role of the C2 compiler?",It compiles all methods immediately at startup for fast boot time,It interprets bytecode without any optimization,It applies aggressive optimizations like inlining and escape analysis for hot methods,It only compiles native methods called via JNI,C,"C2 (server compiler) applies aggressive optimizations including inlining, escape analysis, loop unrolling, and dead code elimination for heavily-used (hot) methods. Tiered compilation uses C1 first for quick startup, then promotes to C2 for maximum performance on hot paths."
4,JVM Internals,hard,What optimization does the JVM perform when escape analysis determines an object does NOT escape a method?,It moves the object to the Old Generation immediately,It increases the object's reference count,It marks the object as immutable,It may allocate the object on the stack instead of the heap (scalar replacement),D,"When an object doesn't escape, the JVM can perform: scalar replacement (fields placed on stack instead of heap), lock elision (removing synchronized blocks for thread-local objects), and stack allocation. This significantly reduces GC pressure for short-lived objects."
5,JVM Internals,medium,"In the class loader delegation model, what happens when a class loader is asked to load a class?",It delegates to its parent first; only loads itself if the parent fails,It immediately loads the class from its own classpath,It searches all class loaders simultaneously in parallel,It loads the class and then notifies parent loaders,A,"The parent-first delegation model: when asked to load a class, a loader first delegates to its parent. Only if the parent cannot find it does the child attempt to load it. This ensures core Java classes (java.lang.*) are always loaded by the trusted Bootstrap classloader, preventing conflicts."
6,JVM Internals,expert,What is a common cause of Metaspace memory leaks in application servers?,Creating too many String objects,Classloaders that cannot be garbage collected due to retained references after hot-redeploy,Using primitive arrays instead of wrapper classes,Having too many methods in a single class,B,"Metaspace stores class metadata. Leaks occur when classloaders can't be GC'd  -  often in app servers with hot-redeploy where old classloaders are retained by references (e.g., ThreadLocal, static fields, JDBC drivers). Frameworks generating dynamic proxy classes (CGLIB) can also contribute."
7,Concurrency,hard,Which of the following is NOT a happens-before rule in the Java Memory Model?,Monitor unlock happens-before subsequent lock on the same monitor,Volatile write happens-before subsequent volatile read of the same variable,Object allocation happens-before any access in any thread,Thread.start() happens-before any action in the started thread,C,"Object allocation on its own does not establish a happens-before relationship with accesses in other threads. You need explicit synchronization (volatile, locks, Thread.start, etc.) to ensure visibility across threads. Without it, other threads may see partially constructed objects."
8,Concurrency,hard,Why is volatile NOT sufficient for implementing a thread-safe counter (i++)?,Volatile variables cannot store integers,Volatile only works with final fields,Volatile forces all threads to stop before reading,Volatile ensures visibility but not atomicity of compound operations like read-modify-write,D,"Volatile guarantees visibility (changes immediately visible to other threads) and prevents reordering, but i++ is a compound read-modify-write operation (read i, add 1, write i). Two threads can read the same value simultaneously. Use AtomicInteger with CAS-based incrementAndGet() for thread-safe counters."
9,Concurrency,expert,"In AQS (AbstractQueuedSynchronizer), what does the volatile int 'state' represent in a ReentrantLock?","The hold count (0 = unlocked, >0 = locked with reentrant count)",The number of threads waiting in the queue,The priority of the lock holder,The timestamp of when the lock was acquired,A,"In ReentrantLock, AQS state represents the hold count: 0 means unlocked, >0 means locked with that reentrant count. For Semaphore, state means available permits. For CountDownLatch, state is the count. AQS provides the framework; subclasses define what state means for their synchronization semantics."
10,Concurrency,hard,Which of the following is NOT required for a deadlock to occur?,Mutual exclusion,Thread priority inversion,Circular wait,Hold-and-wait,B,"Deadlock requires all four Coffman conditions: mutual exclusion, hold-and-wait, no preemption, and circular wait. Priority inversion is a different concurrency problem where a high-priority thread waits for a low-priority thread holding a needed resource, but it doesn't cause deadlock on its own."
11,Concurrency,medium,What advantage does StampedLock offer over ReentrantReadWriteLock for read-heavy workloads?,It allows multiple writers simultaneously,It automatically upgrades read locks to write locks,It supports optimistic reads that don't block writers,It uses less memory per lock instance,C,"StampedLock offers optimistic read locking: readers get a stamp without blocking, then validate the stamp after reading. If no writer intervened, the read succeeds with zero contention. This gives higher throughput than ReadWriteLock where readers still acquire shared locks that can starve writers."
12,Concurrency,hard,What is the key advantage of CompletableFuture over plain Future?,CompletableFuture uses less memory,CompletableFuture does not require a thread pool,CompletableFuture is always faster,CompletableFuture supports non-blocking composition and chaining of async operations,D,"Future only supports blocking get(). CompletableFuture supports non-blocking composition: thenApply, thenCompose, thenCombine for chaining, exceptionally/handle for error handling, and allOf/anyOf for combining multiple futures  -  all without blocking the calling thread."
13,Concurrency,expert,"What should you avoid when using virtual threads (Project Loom, Java 21+)?",Using synchronized blocks (which pin the carrier thread),Creating too many virtual threads,Performing I/O operations,Using CompletableFuture,A,"Synchronized blocks pin virtual threads to their carrier (platform) thread, preventing other virtual threads from using it. This negates the scalability benefit. Use ReentrantLock instead. Virtual threads are designed for I/O-bound tasks and are cheap to create (millions possible), so pooling them is unnecessary."
14,Concurrency,medium,What is the main risk of using ThreadLocal with thread pools?,ThreadLocal variables are automatically shared between threads,"ThreadLocal values persist across task executions because pool threads are reused, causing memory leaks",ThreadLocal is not allowed in pooled threads,ThreadLocal slows down thread creation,B,"Thread pools reuse threads, but ThreadLocal values persist across reuse. This causes: memory leaks (values never GC'd), data leaking between tasks (seeing previous task's data). Always call ThreadLocal.remove() in a finally block. In Java 21+, use ScopedValue instead for virtual threads."
15,Concurrency,hard,How does work-stealing in ForkJoinPool improve performance?,It allows threads to bypass locks entirely,It prevents any thread from executing more than one task,"Idle threads steal tasks from busy threads' deques, balancing load automatically",It duplicates tasks across multiple threads for redundancy,C,"Each ForkJoinPool worker has a deque. It pushes/pops its own tasks from one end. When idle, it steals from other threads' deques (opposite end) to stay busy. This naturally balances load without central coordination  -  busy threads keep working while idle threads help out."
16,JVM Internals,medium,Where are objects typically allocated in the JVM memory model?,Always on the stack,In native memory outside the JVM,In the method area alongside class metadata,"On the heap (shared across threads), unless escape analysis optimizes to stack",D,"Objects are allocated on the heap, which is shared across threads and managed by the garbage collector. Local primitive variables live on the stack. However, escape analysis may optimize non-escaping objects to stack allocation (scalar replacement), avoiding heap allocation entirely."
17,JVM Internals,hard,Why is interface method dispatch (invokeinterface) potentially slower than virtual method dispatch (invokevirtual)?,"A class can implement multiple interfaces, requiring itable search rather than fixed vtable index",Interfaces cannot have implementations,"Interface methods are always interpreted, never JIT compiled",Interface methods require reflection to invoke,A,"Virtual methods use a vtable with fixed indices  -  O(1) lookup. Interface methods use itables: since a class can implement multiple interfaces, the JVM must search for the correct itable entry. Modern JVMs optimize with inline caches (monomorphic dispatch), but megamorphic sites fall back to slower itable lookup."
18,JVM Internals,expert,What problem can counted loops without safepoint polls cause in the JVM?,They cause immediate StackOverflowError,They can delay stop-the-world operations (GC) because threads can't reach a safepoint,They always run slower than recursive implementations,They prevent JIT compilation of the loop body,B,"Safepoints are placed at method returns, loop back-edges, and allocation sites  -  but not always in counted loops (int loop with known bounds). A thread stuck in a long counted loop can't reach a safepoint, causing long TTSP (Time To SafePoint) and delaying GC for ALL threads. Diagnose with -XX:+PrintSafepointStatistics."
19,Concurrency,medium,How does ConcurrentHashMap achieve better concurrency than Collections.synchronizedMap?,It uses a single global lock but with priority scheduling,It copies the entire map on every write,"It uses fine-grained locking (node-level CAS + synchronized on bucket head), allowing concurrent reads and writes to different segments",It disables all locking and accepts data races,C,synchronizedMap uses a single lock for all operations. ConcurrentHashMap (Java 8+) uses node-level CAS and synchronized only on the bucket head being modified. Reads are mostly lock-free. This allows high concurrency for operations on different keys without blocking.
20,Concurrency,hard,What is false sharing in concurrent programming?,Two threads incorrectly sharing a lock they don't need,A thread sharing its stack memory with another thread,Two threads reading the same volatile variable,"Threads modifying different variables that share the same CPU cache line, causing expensive cache invalidation",D,"CPU cache lines are typically 64 bytes. When threads modify different variables on the same cache line, each write invalidates the line for all other cores (cache coherence protocol). Fix with @Contended annotation (Java 8+) which adds padding, or manually pad with unused fields to separate hot variables."
21,JVM Internals,medium,Where is the String pool located since Java 7?,In the heap (and can be garbage collected),On the stack,In the PermGen space,In native memory outside the JVM,A,"In Java 7+, the string pool moved from PermGen to the main heap. This means interned strings can be garbage collected when unreferenced, and the pool can grow dynamically. String literals are automatically interned; manual interning is done via String.intern(). Control pool size with -XX:StringTableSize."
22,JVM Internals,hard,What bytecode instruction is used for lambda expressions and why?,invokestatic  -  because lambdas are static methods,invokedynamic  -  because it defers method linkage to runtime via bootstrap method,invokespecial  -  because lambdas are constructors,invokevirtual  -  because lambdas are virtual method calls,B,"invokedynamic defers method linkage to runtime. For lambdas, the bootstrap method (LambdaMetafactory) generates a lightweight class implementing the functional interface at first call. This avoids anonymous class file generation, enables stateless lambda singletons (zero allocation), and allows JIT optimization."
23,Concurrency,medium,What is the key difference between Callable and Runnable?,Callable can only run on a single thread,Runnable is faster because it uses less memory,Callable returns a value and can throw checked exceptions; Runnable cannot,Callable requires explicit thread management while Runnable does not,C,"Runnable: void run()  -  no return value, no checked exceptions. Callable<V>: V call() throws Exception  -  returns a value and can throw checked exceptions. Callable is used with ExecutorService.submit() which returns a Future<V> to retrieve the result asynchronously."
24,JVM Internals,expert,Why do heaps just over 32GB often perform worse than heaps just under 32GB?,The JVM cannot address more than 32GB of memory,The OS kernel limits Java heaps to 32GB for security,GC algorithms change completely above 32GB,"Compressed Oops (32-bit references) are disabled above 32GB, increasing memory usage by ~1.5x",D,"Compressed Oops uses 32-bit references on 64-bit JVMs (addresses shifted by 3 bits for 8-byte alignment = 32GB addressable). Above 32GB, the JVM falls back to full 64-bit references, increasing pointer size from 4 to 8 bytes. This ~1.5x memory increase for references means a 33GB heap may hold less data than a 31GB heap with compressed oops."
25,Concurrency,hard,What is the main advantage of the Disruptor (LMAX) over BlockingQueue for producer-consumer patterns?,"Disruptor uses a lock-free ring buffer with cache-line padding, achieving 10-100x higher throughput",Disruptor is easier to implement and understand,Disruptor supports unlimited buffer size,Disruptor works without any CPU at all,A,"Disruptor uses a pre-allocated ring buffer with CAS operations (no locks), cache-line padding to prevent false sharing, and sequential memory access (mechanical sympathy). This achieves 10-100x higher throughput than BlockingQueue for high-throughput, low-latency scenarios. Trade-off: it's more complex, fixed-size, and optimized for single-producer patterns."
26,Spring Framework,medium,"In the Spring Bean lifecycle, what happens immediately after dependency injection is complete?",The bean is destroyed,BeanPostProcessor.postProcessBeforeInitialization() is called,The bean is added to the application context directly,The @PreDestroy method is called,B,"After DI, the lifecycle proceeds: Aware interfaces called, then BeanPostProcessor.postProcessBeforeInitialization(), then @PostConstruct / InitializingBean.afterPropertiesSet(), then BeanPostProcessor.postProcessAfterInitialization(). Only after all post-processing is the bean fully ready."
27,Spring Framework,hard,How does Spring resolve circular dependencies between singleton beans using setter injection?,It throws an exception immediately,It creates prototype-scoped proxies for all involved beans,It uses a three-level cache exposing early (partially initialized) bean references,It serializes beans to disk and reloads them,C,"Spring uses three caches: singletonObjects (fully initialized), earlySingletonObjects (partially initialized), singletonFactories (ObjectFactory). When A needs B and B needs A, Spring exposes A's early reference to B. This does NOT work with constructor injection - use @Lazy on one param if needed."
28,Spring Framework,hard,Why do Spring AOP aspects not apply when a bean calls its own method (self-invocation)?,AOP is disabled for internal calls by Spring Security,The JVM prevents proxy interception of self-calls,Internal methods cannot have annotations,The call goes through 'this' which bypasses the proxy that wraps the bean,D,"Spring AOP works via proxies (JDK dynamic proxy or CGLIB subclass). External calls go through the proxy, triggering aspects. But this.method() calls the real object directly, bypassing the proxy entirely. Fix: inject self, use AopContext.currentProxy(), or extract logic into a separate bean."
29,Spring Framework,medium,What special behavior does @Repository provide beyond being a component stereotype?,It adds automatic exception translation - converting DB exceptions to Spring DataAccessException,It enables automatic REST endpoint generation,It makes the bean prototype-scoped by default,It enables transaction management without @Transactional,A,"@Repository triggers PersistenceExceptionTranslationPostProcessor which translates platform-specific exceptions (SQLException, JPA PersistenceException) into Spring's consistent DataAccessException hierarchy. This gives a uniform exception model regardless of the persistence technology used."
30,Spring Framework,expert,"By default, @Transactional only rolls back on which type of exceptions?",All exceptions including checked exceptions,Only unchecked exceptions (RuntimeException and Error),Only IOException and SQLException,It never rolls back automatically,B,"By default, @Transactional rolls back only on unchecked exceptions (RuntimeException subclasses) and Error. Checked exceptions trigger a commit. To roll back on checked exceptions, specify rollbackFor: @Transactional(rollbackFor = Exception.class). This is a common pitfall that causes unexpected data persistence."
31,Spring Framework,hard,How does Spring Boot auto-configuration decide whether to create a bean?,It always creates all beans defined in auto-configuration classes,It scans all packages and creates beans alphabetically,It uses @Conditional annotations like @ConditionalOnClass and @ConditionalOnMissingBean,It asks the user at startup which beans to create,C,"Auto-configuration classes are guarded by @Conditional annotations: @ConditionalOnClass (only if class on classpath), @ConditionalOnMissingBean (only if user hasn't defined one), @ConditionalOnProperty (only if config property set). This is how Spring Boot provides sensible defaults that back off when you provide your own configuration."
32,Spring Framework,medium,What happens when you inject a prototype-scoped bean into a singleton-scoped bean?,A new prototype instance is created on every method call,The singleton automatically becomes prototype-scoped,Spring throws a BeanCreationException,You get one prototype instance that is reused for the singleton's lifetime,D,"Injection happens once at singleton creation time, so you get one prototype instance forever. To get fresh instances each time, use: ObjectFactory<T>, @Lookup annotation on a method, Provider<T>, or ObjectProvider<T>. This is a common Spring pitfall."
33,Design Patterns,medium,Which Java interface is a classic example of the Strategy pattern?,Comparator<T>,Serializable,Cloneable,AutoCloseable,A,"Comparator<T> encapsulates a sorting algorithm (strategy) that can be swapped at runtime. You pass different Comparator implementations to sort differently without modifying the sorting code. With lambdas: List.sort((a, b) -> a.getName().compareTo(b.getName())) - the lambda IS the strategy."
34,Design Patterns,hard,What is the primary purpose of the Proxy pattern?,To add new behavior to an object dynamically (like adding toppings),"To control access to an object (lazy loading, security, caching)",To convert one interface to another for compatibility,To separate construction from representation,B,"Proxy controls access: lazy initialization proxy (Hibernate), security proxy (Spring Security), caching proxy, remote proxy (RMI). Decorator adds behavior (BufferedInputStream). Adapter converts interfaces (Arrays.asList). Key distinction: Proxy controls, Decorator enhances, Adapter translates."
35,Design Patterns,hard,When is the Builder pattern preferred over telescoping constructors?,When a class has only one required field,When objects need to be mutable after creation,"When a class has many parameters, especially optional ones, making construction readable",When you want to avoid using the 'new' keyword,C,"Builder shines with >4 parameters or many optional fields: User.builder().name(""John"").age(30).email(""j@x.com"").build(). It's readable (named params), safe (validation in build()), and creates immutable objects. Telescoping constructors become unreadable and error-prone with many similarly-typed parameters."
36,Design Patterns,medium,What advantage does Spring's @EventListener have over direct method coupling between components?,It makes method calls faster,It guarantees events are processed before the method returns,It prevents null pointer exceptions,The publisher doesn't know about listeners - they're fully decoupled,D,"Observer/Event pattern decouples publisher from listeners. The publisher just calls ApplicationEventPublisher.publishEvent() without knowing who listens. Listeners register themselves via @EventListener. This enables: adding listeners without modifying publisher, async processing with @Async, and transaction-bound events with @TransactionalEventListener."
37,Design Patterns,expert,"In a Circuit Breaker, what state does it enter when failures exceed the threshold?",OPEN - it fails fast without calling the service,HALF-OPEN - it sends test requests to check recovery,CLOSED - normal operation continues,DISABLED - it removes itself from the call chain,A,"Circuit Breaker states: CLOSED (normal, tracking failures) → OPEN (failing fast after threshold, no calls made) → HALF-OPEN (after timeout, sends test requests). If test succeeds → CLOSED. If test fails → OPEN again. This prevents cascading failures by not wasting resources calling a known-broken service."
38,Spring Framework,hard,"In Spring Security's filter chain, what does DelegatingFilterProxy do?",It encrypts all request/response data,It delegates servlet filter handling to Spring-managed beans (FilterChainProxy),It blocks all unauthenticated requests immediately,It creates a new thread for each security filter,B,"DelegatingFilterProxy bridges the servlet container and Spring. It's registered as a servlet filter but delegates to Spring's FilterChainProxy (a Spring bean), which contains the ordered SecurityFilterChain with all security filters (CORS, CSRF, authentication, authorization). This lets Spring manage filter lifecycle and dependencies."
39,Design Patterns,medium,How does Spring Data JPA implement the Repository pattern without requiring implementation classes?,It uses code generation at compile time,It requires manual implementation for every method,It generates JDK dynamic proxy implementations at runtime based on method names,It uses AspectJ weaving to inject method bodies,C,Spring Data creates a JDK proxy implementing your interface at runtime. Method names are parsed into queries: findByNameAndAge() becomes SELECT WHERE name=? AND age=?. Custom queries use @Query. This eliminates boilerplate for 90% of data access patterns - you just define the interface.
40,Spring Framework,expert,When should you choose Spring WebFlux over Spring MVC?,When you need simple CRUD operations with a relational database,When you need to use Hibernate/JPA for data access,When your team is new to Spring and wants the simplest approach,"When you have high concurrency with I/O-bound operations and want non-blocking, event-loop architecture",D,"WebFlux excels at high-concurrency I/O-bound workloads (many concurrent connections, microservice fan-out). It uses non-blocking event loops (Netty) with Mono/Flux reactive types. Avoid when: using blocking libraries (JDBC without R2DBC), simple workloads, or team lacks reactive experience. Don't mix blocking calls in WebFlux."
41,Design Patterns,hard,What is the main benefit of CQRS (Command Query Responsibility Segregation)?,"It separates read and write models, allowing independent optimization and scaling",It eliminates the need for a database,It forces all operations to be synchronous,It replaces REST APIs with GraphQL,A,"CQRS separates commands (writes with validation/business rules) from queries (reads with optimized denormalized views). Benefits: read models optimized for specific views (Elasticsearch for search), independent scaling (more read replicas), and different storage technologies per side. Overkill for simple CRUD apps."
42,Spring Framework,medium,What is the Spring team's recommended injection style?,Field injection with @Autowired,Constructor injection (no annotation needed for single constructor),Setter injection with @Autowired,Static factory methods with @Bean,B,"Constructor injection is preferred: dependencies are clear and explicit, fields can be final (immutable), easier to test (just pass mocks to constructor), no reflection needed, fails fast if dependency missing. Since Spring 4.3, a single constructor is auto-detected - no @Autowired needed."
43,Design Patterns,medium,What distinguishes Abstract Factory from Factory Method?,Abstract Factory creates a single product; Factory Method creates families,They are the same pattern with different names,Abstract Factory creates families of related objects; Factory Method creates a single product type,Factory Method is only used in static contexts,C,"Factory Method: one method creating one product type (subclasses decide which implementation). Abstract Factory: a family of methods creating related products (e.g., GUIFactory with createButton(), createDialog() - WindowsFactory produces Windows widgets, MacFactory produces Mac widgets). Use Abstract Factory when objects must be used together."
44,Spring Framework,hard,What advantage does @ConfigurationProperties have over @Value for binding configuration?,@Value supports SpEL expressions while @ConfigurationProperties does not,@Value cannot read from application.yml files,@ConfigurationProperties is faster at runtime,"@ConfigurationProperties provides type-safe binding to POJOs with validation, nested objects, and relaxed binding",D,"@ConfigurationProperties binds entire property groups to a typed POJO: supports nested objects, lists/maps, @Validated with JSR-303, relaxed binding (kebab-case to camelCase), and immutable construction. @Value is for simple one-off values and supports SpEL. Use @ConfigurationProperties for structured config - it's type-safe, testable, and self-documenting."
45,Design Patterns,expert,What is the main trade-off of Event Sourcing compared to traditional CRUD?,Event Sourcing provides full audit trail but introduces eventual consistency and complex event versioning,Event Sourcing uses less storage space,Event Sourcing eliminates the need for a message broker,Event Sourcing makes queries simpler and faster,A,"Event Sourcing stores state as immutable events rather than current state. Benefits: complete audit trail, temporal queries. Trade-offs: eventual consistency for reads, complex event versioning/schema evolution, growing event store (use snapshots), harder debugging. Only use for domains where history matters (finance, audit-critical systems)."
46,Spring Framework,medium,How do you keep sensitive credentials out of application-prod.yml in a team project?,Encrypt the YAML file with a password,Use environment variables or a config server (Spring Cloud Config) for production secrets,Put credentials in a README file instead,Use @Value with hardcoded fallback values,B,"Never commit credentials. Use: environment variables (SPRING_DATASOURCE_PASSWORD), Spring Cloud Config Server with encrypted values, AWS Secrets Manager/HashiCorp Vault, or Kubernetes secrets. application-prod.yml can reference them: spring.datasource.password=${DB_PASSWORD}. Keep common config in base application.yml, override per environment."
47,Design Patterns,hard,"In the Saga pattern, what is the key difference between orchestration and choreography?",Orchestration uses events while choreography uses a coordinator,Choreography is always faster than orchestration,Orchestration has a central coordinator; choreography relies on services reacting to events independently,Orchestration only works with synchronous communication,C,"Orchestration: central coordinator tells each service what to do next - easier to understand, single control point, but single point of failure. Choreography: services listen to events and decide their own next step - more decoupled, no coordinator, but harder to track overall flow. Both need idempotent compensating actions for rollback."
48,Spring Framework,hard,What is the default thread pool size for Spring Boot's embedded Tomcat?,10 threads,50 threads,Unlimited threads,200 threads,D,"Default max threads is 200 (server.tomcat.threads.max). For I/O-heavy apps, you may increase this. Key tuning params: server.tomcat.accept-count (queue when threads full), server.tomcat.connection-timeout, server.tomcat.max-connections. For high-concurrency, consider Undertow (less memory) or WebFlux (non-blocking)."
49,Design Patterns,medium,Which type of Dependency Injection is discouraged in modern Spring applications?,Field injection with @Autowired directly on fields,Setter injection for optional dependencies,Constructor injection,Method injection via @Lookup,A,"Field injection is discouraged: hides dependencies (not visible in constructor), makes testing harder (requires reflection or Spring context), prevents immutability (can't use final), and doesn't fail fast if dependency is missing. Constructor injection is preferred for required deps; setter injection is acceptable for optional ones."
50,Design Patterns,hard,What does the Bulkhead pattern prevent in a microservices system?,Data duplication across services,One slow service from exhausting all threads and taking down the entire system,Network latency between services,Database schema conflicts,B,"Bulkhead isolates components using separate resource pools: if Service A's thread pool is exhausted (slow/down), Service B calls still work on their own pool. Like ship compartments - one breach doesn't sink the ship. Implementation: separate thread pools per service (ThreadPool bulkhead) or semaphore-based limits (Semaphore bulkhead) via Resilience4j."
51,Collections,medium,What happens in a HashMap bucket when the number of colliding entries reaches 8 (and table size >= 64)?,The bucket is deleted and entries are rehashed,A new HashMap is created to hold overflow entries,The linked list is converted to a red-black tree for O(log n) lookup,The bucket switches to open addressing,C,"Java 8+ treeifies a bucket into a red-black tree when collisions reach 8 nodes AND table capacity >= 64. This improves worst-case lookup from O(n) (linked list) to O(log n). When the tree shrinks below 6 nodes, it untreeifies back to a linked list to save memory."
52,Collections,hard,What breaks if you override equals() but NOT hashCode()?,The object cannot be serialized,The object cannot be used in ArrayList,The JVM throws an UnsupportedOperationException,"Logically equal objects end up in different HashMap buckets, so get() returns null",D,"Contract: if a.equals(b) then a.hashCode() == b.hashCode(). Breaking this means equal objects hash to different buckets. You can put(key, value) but get(equalKey) searches the wrong bucket and returns null. HashSet will also contain 'duplicates'. Always override both together."
53,Collections,medium,"In practice, when is LinkedList a better choice than ArrayList?",Almost never - ArrayList outperforms LinkedList in most real-world scenarios due to cache locality,When you need fast random access by index,When the list will contain more than 1000 elements,When you need thread safety,A,"ArrayList has contiguous memory (cache-friendly), O(1) random access, and amortized O(1) append. LinkedList has poor cache locality, extra pointer overhead per node, and O(n) random access. Even for frequent insertions at the head, ArrayDeque beats LinkedList. LinkedList is rarely the right choice in modern Java."
54,Collections,hard,What does ConcurrentSkipListMap provide that ConcurrentHashMap does not?,Thread safety,"Sorted key ordering with O(log n) range queries (subMap, headMap, tailMap)",Faster single-key lookup performance,Support for null keys,B,"ConcurrentSkipListMap is a thread-safe sorted NavigableMap using a skip list structure. It provides: sorted iteration, range queries (subMap, headMap, tailMap), floor/ceiling/higher/lower operations. ConcurrentHashMap has O(1) lookups but no ordering. Use SkipListMap when you need concurrent sorted access."
55,Collections,medium,What does a fail-fast iterator do when the collection is modified during iteration?,It silently ignores the modification,It restarts iteration from the beginning,It throws ConcurrentModificationException,It locks the collection to prevent modification,C,"Fail-fast iterators (ArrayList, HashMap) detect structural modification via modCount field and throw ConcurrentModificationException. Fail-safe iterators (CopyOnWriteArrayList, ConcurrentHashMap) work on copies or tolerate concurrent modification - no CME but may not reflect latest changes."
56,Streams & Lambdas,medium,When does a Stream pipeline actually execute?,Immediately when intermediate operations like filter() or map() are called,When the garbage collector triggers,After a 100ms delay for batching,"Only when a terminal operation (collect, forEach, reduce, count) is invoked",D,"Intermediate operations are lazy - they build a pipeline description but don't process data. Execution only happens when a terminal operation is called. This enables optimizations: short-circuiting (findFirst stops early), loop fusion (combining filter+map into one pass), and avoiding unnecessary work."
57,Streams & Lambdas,hard,What is the main risk of using parallel streams with blocking I/O operations?,"They use the shared ForkJoinPool.commonPool(), and blocking operations starve other parallel streams",Parallel streams cannot perform I/O,I/O operations are automatically serialized in parallel streams,Parallel streams create unlimited threads for I/O,A,"Parallel streams use ForkJoinPool.commonPool() (shared across the JVM). Blocking I/O ties up pool threads, starving other parallel streams and unrelated tasks. Solutions: use a custom ForkJoinPool, use CompletableFuture with a dedicated executor for I/O, or avoid parallel streams for I/O-bound work entirely."
58,Streams & Lambdas,hard,What is the difference between map() and flatMap() in streams?,"map() is for primitives, flatMap() is for objects","map() transforms each element 1:1, flatMap() transforms each element to a stream and flattens into one stream",flatMap() is just a faster version of map(),"map() works on parallel streams, flatMap() only on sequential",B,"map(): T -> R (one-to-one). flatMap(): T -> Stream<R> (one-to-many, flattened). Example: List<List<String>> nested -> nested.stream().flatMap(List::stream) gives Stream<String>. Use flatMap for: flattening nested collections, Optional chaining, one-to-many transformations."
59,Streams & Lambdas,medium,Which functional interface takes a value and returns a boolean?,"Function<T, Boolean>",Consumer<T>,Predicate<T>,Supplier<Boolean>,C,"Predicate<T>: T -> boolean (used for testing/filtering). Function<T,R>: T -> R (transform). Consumer<T>: T -> void (side effects). Supplier<T>: () -> T (produce value). While Function<T,Boolean> works technically, Predicate is the idiomatic choice - it's used by Stream.filter() and has useful methods like and(), or(), negate()."
60,Streams & Lambdas,expert,Why did Java choose invokedynamic for lambdas instead of anonymous inner classes?,Anonymous classes are not supported in Java 8+,invokedynamic makes lambdas run on a separate thread,Anonymous classes cannot implement functional interfaces,"invokedynamic avoids .class file generation, enables singleton optimization for stateless lambdas, and defers implementation strategy to runtime",D,"invokedynamic + LambdaMetafactory: no .class files (smaller JARs, faster startup), stateless lambdas become singletons (zero allocation), JIT can inline aggressively, and implementation strategy can change in future JVM versions without recompiling code. Anonymous classes always allocate and always generate class files."
61,Performance,hard,Which profiling tool is safe to use in production with minimal overhead?,Async Profiler / Java Flight Recorder (JFR),Eclipse MAT (Memory Analyzer Tool),JUnit with System.currentTimeMillis(),Thread.sleep() with logging,A,"Async Profiler uses OS-level perf events with near-zero overhead (no safepoint bias). JFR (Java Flight Recorder) is built into the JVM with <2% overhead, collecting events continuously. Both are production-safe. Eclipse MAT analyzes heap dumps (offline). JMH is for isolated microbenchmarks, not production profiling."
62,Performance,medium,Why can't you reliably benchmark Java code with System.currentTimeMillis() in a loop?,System.currentTimeMillis() returns random values,"JIT warmup, dead code elimination, and constant folding make naive timing misleading",The system clock is too slow to measure Java code,Java does not allow timing measurements,B,"JMH exists because naive benchmarks fail to account for: JIT warmup (code gets faster over time), dead code elimination (JIT removes unused results), constant folding (JIT pre-computes constants), loop optimization, and profile pollution. JMH uses Blackhole, @State, warmup iterations, and forking to produce reliable results."
63,Performance,hard,What is the N+1 query problem in JPA/Hibernate?,A query that returns N+1 columns instead of N,A transaction that requires N+1 database connections,Loading N entities triggers 1 query for the list + N additional queries to lazily fetch each entity's association,An entity with N+1 fields that exceeds column limits,C,"Fetching 100 Orders where each lazily loads order.getItems() = 1 (list query) + 100 (item queries) = 101 queries. Solutions: JOIN FETCH in JPQL, @EntityGraph, @BatchSize(size=50) for batched loading, or DTO projections for read-only views. Enable Hibernate statistics in dev to detect this."
64,Performance,expert,When is object pooling harmful rather than helpful in modern Java?,When pooling database connections,When pooling SSL/TLS sessions,When pooling thread instances,"When pooling cheap, short-lived objects like small POJOs - modern GCs handle them efficiently and pooling adds synchronization overhead",D,"Modern JVMs use TLAB (Thread-Local Allocation Buffer) making object allocation nearly free (pointer bump). Short-lived objects in Young Gen are collected cheaply by copying collectors. Pooling cheap objects adds: synchronization overhead, memory retention, complexity, and poor cache locality. Pool only expensive resources: connections, threads, native handles."
65,Collections,hard,What data structure does TreeMap use internally to maintain sorted order?,Red-black tree (self-balancing BST),Hash table with sorted buckets,Skip list,B-tree,A,"TreeMap uses a red-black tree: self-balancing BST with color rules ensuring max height of 2*log(n). Guarantees O(log n) for get, put, remove. Provides sorted iteration, range queries (subMap, headMap, tailMap), and floor/ceiling operations. Keys must implement Comparable or a Comparator must be provided."
66,Streams & Lambdas,medium,What is the correct way to use Optional when a value might be absent?,Call optional.get() directly without checking,"Use orElse(), orElseGet(), or orElseThrow() to handle both present and absent cases",Store Optional in entity fields for database mapping,Pass Optional as a method parameter,B,"Best practices: never call get() without checking - use orElse(default), orElseGet(() -> compute()), or orElseThrow(). Chain with map/flatMap: optional.map(User::getName).orElse(""unknown""). Don't use Optional as field type, method parameter, or in collections. Return empty collections instead of Optional<List>."
67,Performance,medium,What is the recommended maximumPoolSize for HikariCP in most applications?,100 connections minimum,Equal to the number of application instances,CPU cores * 2 + number of disk spindles (typically 10-20),1 connection per concurrent user,C,Formula from PostgreSQL wiki: connections = CPU cores * 2 + disk spindles. For SSD: typically 10-20 connections. More connections does not mean better performance - context switching and lock contention increase. Set minimumIdle equal to maximumPoolSize for a fixed pool. A 4-core server with SSD performs well with ~10 connections.
68,Collections,medium,What is the advantage of using Comparator.comparing() chain over implementing Comparable?,Comparator is faster at runtime,Comparator uses less memory,Comparable doesn't work with Collections.sort(),"You can define multiple sort strategies externally without modifying the class, and chain with thenComparing()",D,"Comparable defines ONE natural ordering inside the class. Comparator allows multiple external strategies: Comparator.comparing(User::getName).thenComparing(User::getAge).reversed(). You can sort classes you can't modify, combine multiple fields, and pass different strategies to the same sort method."
69,Performance,hard,Which lazy initialization pattern is both thread-safe and avoids synchronization overhead on every access?,Initialization-on-demand holder (static inner class) pattern,Simple null check without synchronization,Synchronized getter method,Eager initialization in static block,A,"Holder pattern: `private static class Holder { static final T INSTANCE = new T(); }`. The JVM guarantees class loading is thread-safe - the inner class isn't loaded until first accessed, providing lazy initialization without any synchronization code. Simpler and safer than double-checked locking."
70,Streams & Lambdas,hard,What does Collectors.groupingBy() with a downstream collector produce?,A single aggregated value,A Map where keys are group classifiers and values are results of the downstream collector,A List of all elements,A sorted stream,B,"groupingBy(classifier, downstream) creates Map<K, D>. Examples: groupingBy(User::getDept, counting()) gives Map<Dept,Long>. groupingBy(User::getDept, mapping(User::getName, toList())) gives Map<Dept,List<String>>. Multi-level: groupingBy(dept, groupingBy(role)). partitioningBy is a special case splitting into true/false groups."
71,Performance,expert,What is the main advantage of memory-mapped files (MappedByteBuffer) over standard FileInputStream?,They encrypt data automatically,They work with files larger than available RAM more efficiently than streams,"Zero-copy I/O - the OS maps file directly into virtual memory, avoiding user-kernel space copies",They compress data on the fly,C,"Memory-mapped files use FileChannel.map() to map files into virtual memory. The OS handles page faults and caching - no explicit read() calls or buffer copies between kernel and user space. Benefits: zero-copy, OS-managed caching, random access without seeking. Limited to 2GB per mapping (int index). No explicit close/unmap in Java."
72,Collections,hard,Why is EnumSet significantly faster than HashSet for enum values?,EnumSet uses a linked list optimized for enums,EnumSet uses native code via JNI,EnumSet caches all possible combinations at class load time,"EnumSet is backed by a bitmask (single long), so operations are bitwise O(1) with no hashing",D,"EnumSet uses a single long as a bitmask (for <= 64 enum constants). Add = set bit, remove = clear bit, contains = test bit. Operations like addAll, retainAll, removeAll become single bitwise AND/OR/XOR - O(1) and cache-friendly. No hashing, no collision resolution, no boxing. Always use EnumSet/EnumMap for enum types."
73,Performance,medium,When does string concatenation with '+' become a performance problem?,"Inside loops, where it creates O(n) intermediate objects leading to O(n^2) total copying",Always - you should never use + for strings,Only when concatenating more than 100 characters,When used with final String variables,A,"In loops: `for(item:items) result += item;` creates a new String each iteration, copying all previous content. For n items: O(n^2) total characters copied. Use StringBuilder in loops. For simple expressions like ""Hello "" + name, Java 9+ uses invokedynamic + StringConcatFactory which is efficient - no manual StringBuilder needed."
74,Streams & Lambdas,medium,What type of method reference is String::toUpperCase?,Static method reference,Instance method reference of an arbitrary object of a given type,Instance method reference of a particular object,Constructor reference,B,Four types: 1) Static: Integer::parseInt. 2) Instance of particular object: System.out::println. 3) Instance of arbitrary object: String::toUpperCase (equivalent to s -> s.toUpperCase() - called on the stream element). 4) Constructor: ArrayList::new. String::toUpperCase is type 3 because toUpperCase() is called on each String in the stream.
75,Performance,hard,What are Java records (Java 16+) primarily designed for?,Mutable data classes with setters,Database entity mapping with JPA,"Immutable data carriers with auto-generated constructor, accessors, equals, hashCode, and toString",Thread-safe concurrent data structures,C,"Records: `record Point(int x, int y) {}` auto-generates: canonical constructor, accessors (x(), y()), equals/hashCode (all fields), toString. Fields are final. Benefits: immutability enables safe sharing, less boilerplate, consistent equals/hashCode. Not for: entities needing mutation, classes requiring inheritance, or complex business objects."
76,Microservices,medium,When should you NOT adopt a microservices architecture?,When you have high traffic and need independent scaling,When your services need independent deployment cycles,When you need technology diversity across teams,"When you have a small team, simple domain, or lack DevOps maturity",D,"Microservices trade development simplicity for operational complexity. A small team (< 5 devs), simple domain, startup phase, or lack of CI/CD, monitoring, and container orchestration makes microservices a net negative. Start monolithic, extract services when there's a clear bounded context that benefits from independence."
77,Microservices,hard,What does the Outbox pattern solve in distributed systems?,The dual-write problem - ensuring database update and event publish happen atomically,Load balancing between services,Service discovery in Kubernetes,Rate limiting API calls,A,"Dual-write: updating DB AND publishing event can partially fail (DB succeeds, event fails). Outbox: write the event to an outbox table in the SAME transaction as business data. A separate process (CDC with Debezium or polling) reads outbox and publishes to the broker. Guarantees at-least-once delivery; consumers must be idempotent."
78,Microservices,hard,Which is NOT a typical responsibility of an API Gateway?,Request routing to appropriate microservices,Containing business logic and domain validation rules,"Authentication, rate limiting, and response caching",Protocol translation (REST to gRPC) and response aggregation,B,"API Gateway handles cross-cutting concerns: routing, auth, rate limiting, caching, protocol translation, and aggregation (BFF pattern). Business logic belongs in services - putting it in the gateway makes it a monolithic bottleneck. Keep the gateway thin and focused on infrastructure concerns."
79,Microservices,expert,What is the role of the sidecar proxy (Envoy) in a service mesh like Istio?,It replaces the application's business logic,It stores the service's database,"It handles mTLS, retries, circuit breaking, and observability without code changes in the service",It compiles the service code at deployment time,C,"Envoy sidecar proxies deploy alongside each service, handling: mutual TLS (encryption between services), retries/timeouts, circuit breaking, load balancing, distributed tracing, and metrics collection - all transparently. The service code doesn't change. Trade-offs: added latency per hop, operational complexity, resource overhead."
80,Microservices,medium,What is the main advantage of asynchronous messaging (Kafka/RabbitMQ) over synchronous REST between services?,Messages are always delivered faster than HTTP,Messaging automatically handles transactions across services,Messaging eliminates the need for service contracts,"Temporal decoupling - the consumer doesn't need to be available at publish time, improving resilience",D,"Async messaging decouples services in time: if the consumer is down, messages are queued and processed when it recovers. Also enables: better scalability (consumers scale independently), natural event-driven design, and backpressure handling. Trade-offs: eventual consistency, harder debugging, message ordering complexity."
81,Microservices,hard,What is the purpose of context propagation in distributed tracing?,To pass trace/span IDs in headers so requests can be correlated across service boundaries,To share database connections between services,To replicate data between microservice databases,To synchronize clocks across all services,A,"Context propagation passes trace and span IDs (via W3C Trace Context headers: traceparent) from service to service. This allows tracing tools (Jaeger, Zipkin) to reconstruct the full request path, measure latency per service, and identify bottlenecks. Spring Boot uses micrometer-tracing with OpenTelemetry for automatic propagation."
82,Testing,medium,What does the testing pyramid recommend about the ratio of test types?,"Equal numbers of unit, integration, and E2E tests","Many unit tests at the base, fewer integration tests in middle, very few E2E tests at top",Mostly E2E tests with few unit tests,Only integration tests are needed,B,"Testing pyramid: ~70% unit tests (fast, isolated, many), ~20% integration (service + real dependencies, fewer), ~10% E2E (full system, slowest, fewest). Anti-pattern: ice cream cone (many slow E2E, few unit). Unit tests give fast feedback; integration tests verify wiring; E2E tests validate critical user journeys."
83,Testing,hard,What is the difference between @SpringBootTest and @WebMvcTest?,@SpringBootTest is faster because it loads fewer beans,They are identical but for different Spring versions,"@WebMvcTest loads only the web layer (controller, filters) while @SpringBootTest loads the full application context",@WebMvcTest requires a running server while @SpringBootTest does not,C,"@WebMvcTest(Controller.class): loads only web layer - controller, argument resolvers, filters, advice. Mock services with @MockBean. Fast and focused on HTTP behavior. @SpringBootTest: loads full context (all beans) - use for integration tests. Slower but tests real wiring. Use @DataJpaTest for repository layer only."
84,Testing,medium,"In Mockito, what is the difference between a mock and a spy?",Mocks are faster; spies are thread-safe,There is no difference - they are aliases,Spies can only be created for interfaces; mocks work for classes,A mock returns defaults unless stubbed; a spy wraps a real object and calls real methods unless overridden,D,"Mock: completely fake, returns null/0/false by default, all interactions recorded. Spy: wraps a real object - real methods execute unless you explicitly stub them with doReturn().when(). Use spy when you want mostly real behavior but need to override or verify specific methods."
85,Testing,hard,What is the core cycle of Test-Driven Development (TDD)?,Red (failing test) then Green (minimal code to pass) then Refactor (improve while tests pass),Write code then Write test then Refactor,Design then Implement then Deploy then Test,Write all tests first then Implement everything then Never refactor,A,"TDD: 1) Red - write a failing test that defines desired behavior. 2) Green - write the minimum code to make it pass. 3) Refactor - improve design while keeping tests green. Benefits: tests drive design (testable = well-designed), instant regression safety, behavior documentation. Skip/relax for prototyping or trivial CRUD."
86,Modern Java,medium,What must subclasses of a sealed class be declared as?,abstract or static,"final, sealed, or non-sealed",public and transient,synchronized or volatile,B,"Sealed classes restrict extension with `permits`. Subclasses must be: final (no further extension), sealed (controlled extension continues), or non-sealed (opens up extension again). This enables exhaustive pattern matching - the compiler knows all possible subtypes and warns about missing cases in switch."
87,Modern Java,hard,What does pattern matching with 'when' guards enable in Java 21 switch expressions?,Matching only null values,Matching regex patterns against strings,"Adding conditions to type patterns, like `case Integer i when i > 0 -> ...`",Automatic type casting without instanceof,C,"Java 21 switch: `switch (obj) { case Integer i when i > 0 -> positive; case Integer i -> nonPositive; case String s -> text; case null -> handleNull; }`. Guarded patterns combine type matching with conditions. Record patterns deconstruct: `case Point(int x, int y) when x > 0 -> ...`. Exhaustiveness is checked at compile time."
88,Modern Java,medium,How does a text block determine indentation stripping?,All leading whitespace is always preserved,You must explicitly call trim() on the result,Indentation is always removed completely,The position of the closing triple-quote determines the baseline - common leading whitespace is stripped,D,"The closing """""" position sets the left margin. Common leading whitespace (the minimum across all lines and the closing delimiter) is stripped. Moving the closing """""" left adds indentation to the result; moving it right strips more. Trailing whitespace per line is also stripped. Use \s to explicitly preserve trailing spaces."
89,Microservices,medium,What is the Strangler Fig pattern used for?,Incrementally migrating from a monolith to microservices by routing requests to new services while old code still runs,Load testing microservices under pressure,Removing unused database tables,Optimizing network routing between data centers,A,"Strangler Fig: gradually replace monolith functionality with microservices. Route traffic via API gateway - new requests go to new service, legacy continues working. Once validated, remove old code. Benefits: low risk (gradual), always deployable, easy rollback. The anti-pattern is big-bang rewrite."
90,Testing,hard,What advantage do Testcontainers provide over H2 for integration testing?,Testcontainers are faster to start,"Testcontainers run real databases (PostgreSQL, MySQL) in Docker, matching production behavior exactly",Testcontainers don't require any configuration,H2 is not compatible with JUnit,B,"H2 in compatibility mode doesn't fully replicate production database behavior (stored procedures, full-text search, JSON operators differ). Testcontainers runs the actual PostgreSQL/MySQL/Redis in ephemeral Docker containers - tests match production exactly. Spring Boot @ServiceConnection auto-configures the datasource. Requires Docker installed."
91,Modern Java,expert,What does the Foreign Function & Memory API (Project Panama) replace?,Java serialization,The Java Collections Framework,"JNI (Java Native Interface) - providing safe, efficient native code access without writing C",JDBC database connectivity,C,"Panama provides: MemorySegment for safe bounded native memory access, Arena for lifecycle management, and Linker for calling native functions directly from pure Java. No C/JNI boilerplate needed. jextract generates Java bindings from C headers. Better performance (no JNI overhead), memory safety (bounds checking), and pure Java solution."
92,Microservices,hard,"In a Kubernetes environment, is a dedicated service discovery tool like Eureka still necessary?","Yes, Eureka is always required for microservices",Eureka is required for health checks,Only if you use more than 10 services,No - Kubernetes provides built-in service discovery via DNS and kube-proxy load balancing,D,"Kubernetes provides built-in discovery: services get DNS names (service-name.namespace.svc.cluster.local), kube-proxy handles load balancing, and readiness probes manage health. Dedicated tools like Eureka add complexity without benefit in K8s. They're still relevant for non-K8s deployments or multi-cluster scenarios."
93,Testing,medium,What is the main idea behind consumer-driven contract testing?,"The consumer defines expected interactions (contract), and the provider verifies it can fulfill them",The provider defines what consumers must accept,Both consumer and provider write tests independently without coordination,A third-party service validates all contracts,A,"Consumer-driven: consumer defines expected requests/responses in a contract file. Provider runs those contracts against its real implementation. Catches integration issues early without running all services together. Tools: Pact (consumer generates pact file), Spring Cloud Contract (provider defines contracts, generates stubs for consumers)."
94,Modern Java,medium,What is the key difference between switch expressions (Java 14) and traditional switch statements?,Switch expressions only work with strings,"Switch expressions can return a value, use arrow syntax without fall-through, and must be exhaustive",Switch expressions are slower than statements,Switch expressions don't support default cases,B,"Switch expressions: return a value (`String result = switch(x) {...}`), arrow syntax (no break needed, no fall-through), multiple labels per case (`case MON, FRI ->`), must be exhaustive (all cases or default), `yield` for multi-line cases. Traditional switch: statements only, fall-through by default, break required."
95,Modern Java,hard,What problem does the Java Module System (JPMS) solve that the classpath cannot?,Faster compilation times,Automatic dependency download like Maven,"Strong encapsulation - internal packages are truly hidden, and missing dependencies fail at startup rather than runtime",Better syntax highlighting in IDEs,C,"JPMS provides: reliable configuration (missing modules caught at startup, not ClassNotFoundException at runtime), strong encapsulation (internal packages hidden even with reflection by default), and smaller runtimes (jlink creates custom JRE with only needed modules). The classpath has no encapsulation and discovers missing classes only at runtime."
96,Testing,hard,Which library is best suited for testing asynchronous code with polling and timeout?,Mockito,Thread.sleep() with assertions,JUnit @Timeout annotation alone,Awaitility - it polls a condition with configurable timeout and interval,D,"Awaitility: `await().atMost(5, SECONDS).until(() -> resultReady())` - polls a condition with configurable interval and timeout. Better than Thread.sleep (wastes time or is flaky). For CompletableFuture: use .join() or .get(timeout). For Spring @Async: use Awaitility or ArgumentCaptor to capture callbacks."
97,Microservices,expert,Why must consumers be idempotent when using the Outbox pattern?,Because at-least-once delivery means messages may be processed more than once after retries or failures,Because outbox tables have a size limit,Because the outbox only stores one message at a time,Because consumers run on a single thread,A,"Outbox guarantees at-least-once delivery: the publisher may re-read unpublished events after a crash, sending duplicates. Consumers must handle duplicates safely (idempotency): use deduplication IDs, upsert instead of insert, or check if already processed. Without idempotency, duplicate processing causes data corruption."
98,Modern Java,medium,What is the recommended replacement for RestTemplate in new Spring applications?,HttpURLConnection,WebClient (Spring WebFlux) - supports both blocking and non-blocking calls,Apache HttpClient directly,Socket programming,B,"RestTemplate is in maintenance mode (no new features). WebClient is the recommended replacement: supports reactive non-blocking (Mono/Flux), streaming, and can also be used in blocking mode with .block(). For non-Spring apps, Java 11's built-in HttpClient is a good zero-dependency option supporting HTTP/2 and async."
99,Testing,medium,What does mutation testing measure that code coverage cannot?,How fast tests execute,How many lines of code exist,"Whether tests actually detect code changes (test effectiveness), not just that code was executed",Memory usage during tests,C,"Code coverage measures execution (did tests run this line?). Mutation testing measures detection (if I change this line, does a test fail?). Mutations: change + to -, negate conditions, remove returns. Survived mutants = weak tests. PIT (pitest) for Java. Run on critical business logic - it's slow (runs tests many times per mutation)."
100,Modern Java,hard,What does Structured Concurrency (Java 21 preview) guarantee that ExecutorService does not?,Faster thread creation,Priority-based scheduling,Automatic retry of failed tasks,All subtasks complete (or are cancelled) before the parent scope exits - preventing thread leaks and dangling tasks,D,"StructuredTaskScope ensures child tasks are bounded to parent scope: `try (var scope = new StructuredTaskScope.ShutdownOnFailure()) { scope.fork(task1); scope.fork(task2); scope.join(); }`. If parent exits or fails, children are cancelled. No orphan threads. Combined with Scoped Values (replaces ThreadLocal for virtual threads) for safe context propagation."
101,Microservices,expert,"In the 20NINE platform, why is DynamoDB (NoSQL) used as the operational store for money instead of relying solely on a SQL database?","Because the money workload is keyed point operations (get/write balance by id) protected by per-item conditional writes (@DynamoDBVersionAttribute), while PostgreSQL is kept as an async mirror for analytics/history","Because DynamoDB provides ACID transactions across multiple wallets, removing the need for a saga",Because NoSQL guarantees strong consistency between all services automatically,Because SQL databases cannot store monetary values accurately,A,"20NINE uses both: DynamoDB is the operational source of truth for live balances and transaction lifecycle, chosen because the hot path is keyed point operations (not joins) and per-item optimistic locking (@DynamoDBVersionAttribute + ConditionalCheckFailedException) covers per-wallet correctness. PostgreSQL/JPA is a synchronized mirror written after the DynamoDB commit for analytics, reporting, and history  -  so the two are only eventually consistent, which is one reason the bank reconciliation job exists. It is NoSQL for the transactional path, SQL for the analytical path."
102,Microservices,medium,"In 20NINE, which pair correctly maps the two protocols to their usage?",gRPC for async workflows; Kafka for synchronous lookups,gRPC for synchronous request/response lookups; Kafka for async state-changing workflows,gRPC for messaging fan-out; Kafka for service discovery,Both gRPC and Kafka are used only for synchronous calls,B,gRPC is used when you need an answer now (synchronous request/response lookups between services). Kafka is used to decouple and process asynchronously with retries  -  it carries state-changing workflows and cross-service choreography. Kafka is not used as an event store.
103,Microservices,hard,"In 20NINE's wallet flow, at which stage does a wallet balance actually change?","On the INIT message, when the transfer is split into legs","On PROCESS, before confirmation",Only on CONFIRM  -  the balance is a mutable number per wallet updated via read-modify-write,Only after bank reconciliation completes,C,"A transfer is split into two legs (debit + credit) published to Kafka. Each leg runs INIT -> PROCESS -> CONFIRM, and the balance (a mutable number per wallet in DynamoDB) only changes on CONFIRM via a read-modify-write. That read-modify-write is where the race-condition risk lives."
104,Concurrency,hard,"Two transactions read a wallet balance of 100 nearly simultaneously; one writes 150 and the other writes 70, and one change vanishes. What is this and the fix?",A deadlock; fix with lock ordering,False sharing; fix with cache-line padding,A dirty read; fix by raising the isolation level,A lost update; fix with optimistic locking (version attribute + conditional write) that retries on ConditionalCheckFailedException,D,"This is a classic lost update: both reads see 100, last write wins, and the first change disappears. The fix is optimistic locking  -  a version attribute plus a DynamoDB conditional write that only succeeds if the version still matches. A stale write fails with ConditionalCheckFailedException, which is caught and retried against the fresh balance so nothing is dropped."
105,Concurrency,hard,Why is a `synchronized` block insufficient to protect wallet balance updates in 20NINE?,"synchronized is per-JVM, but the service runs on multiple pods, so two pods can still race  -  the guard must live in the database","synchronized only guarantees visibility, not mutual exclusion",synchronized is deprecated in Java 17,synchronized cannot be used inside Kafka consumers,A,"synchronized only serializes threads within a single JVM. 20NINE runs multiple pods on Kubernetes, so two pods can still race on the same wallet  -  in-process locking gives false safety. The guarantee must live where the shared state is: a version-based conditional write in the database. A distributed lock (Redis) is an alternative, but optimistic locking is simpler and cheaper since per-wallet collisions are rare."
106,Concurrency,hard,A single logical transaction is occasionally applied twice even though the client sent one request. What is the root cause and fix?,Kafka lost the message; enable exactly-once for the DynamoDB write,"Kafka is at-least-once, so redelivery happens; make the consumer idempotent by checking the transaction's final state and returning early",The client retried; add a rate limiter on the gateway,The database dropped a write; switch to synchronous replication,B,"Kafka guarantees at-least-once delivery, so a message can be redelivered on rebalance, retry, or late offset commit. A non-idempotent consumer re-applies the change. The fix is idempotency: before applying, confirm checks whether the transaction is already in a final state (SUCCESS/FAILED) and returns early, making a redelivered message a safe no-op. Idempotency key = transaction id (not the Kafka partition key)."
107,Microservices,expert,Why does 20NINE not enable Kafka exactly-once semantics for the balance update?,Exactly-once is impossible in any system,Exactly-once requires a paid Kafka license,"Exactly-once only works Kafka-to-Kafka; the consumer writes to DynamoDB (outside Kafka's transaction boundary), so at-least-once plus an idempotent consumer is the pragmatic choice",Exactly-once would break partition ordering,C,"Exactly-once semantics only apply Kafka-to-Kafka (read-process-write, Kafka Streams). 20NINE's consumer writes to DynamoDB, outside Kafka's transaction boundary, so exactly-once would not cover the balance update  -  plus it adds throughput cost and complexity. At-least-once delivery combined with an idempotent consumer gives the same result where it matters: the data layer."
108,Microservices,expert,"Regarding CAP, where does 20NINE sit?",CA  -  it sacrifices partition tolerance,Purely CP across the whole system,Purely AP across the whole system,"CP for the balance (fails the write rather than guess if it cannot confirm the version), while the broader system is AP (eventually consistent across stores/legs, healed by reconciliation)",D,"Partition tolerance is not optional in a distributed system, so CA is off the table  -  the real choice is CP vs AP. 20NINE leans CP for the balance: if saldo cannot reach DynamoDB or confirm the version, it fails the write rather than guess. The broader system is AP: eventually consistent across the two stores and the two legs, with reconciliation healing drift later. Different parts make different tradeoffs."
109,Microservices,hard,"If a debit leg succeeds but the credit leg fails, is there a window where the books are wrong, and how is it handled?","Yes  -  the legs go through Kafka independently with no shared transaction, so there is a temporary inconsistency window, healed by a compensating action (refund) and reconciliation against KCB",No  -  the two legs share one distributed transaction,No  -  the credit is retried synchronously until it succeeds,Yes  -  but it is ignored because it self-corrects instantly,A,"The two legs go through Kafka independently with no single transaction across them, so yes, there is a temporary inconsistency window (money left one account but has not landed in the other). It is caught by a compensating action such as a refund to the payer, and by reconciliation against the KCB bank statement, which posts a corrective transaction for any mismatch. The design accepts the window and heals it (AP, heal-later) rather than making the legs atomic."
110,Microservices,hard,How is the bookkeeping service's DynamoDB `Transaction` table modeled to support listing a user's transactions by date?,"A single global table with no keys, scanned per query","Partition key on userId, plus Global Secondary Indexes on user + created date and user + updated date","Partition key on transaction id only, with a full scan for date ranges",A relational join between two DynamoDB tables,B,"The workload is keyed lookups scoped to a user, so the partition key is userId. To list a user's transactions ordered by date, Global Secondary Indexes were added  -  one on user + created date, another on user + updated date  -  so those queries are efficient instead of scanning. The tradeoff is that DynamoDB tables are designed around known access patterns up front; you cannot just run an ad-hoc SQL query later."
111,Microservices,expert,"A new requirement needs a query the DynamoDB keys don't support (e.g. by category, or across all users by date). What is the best approach?","Add unlimited GSIs, since there is no limit","Always run a full Scan, since it is cheap","Recognize GSIs are limited and Scans are expensive, so stream the data into a relational store (CQRS): DynamoDB stays operational, PostgreSQL serves flexible SQL/aggregation",Store all data twice in DynamoDB with different keys,C,"GSIs are limited in number and a full Scan reads the whole table (expensive). For genuinely flexible or analytical queries, the better move is to push the data into a relational store  -  essentially CQRS: DynamoDB remains the operational store for fast keyed reads/writes, and changes stream into PostgreSQL (via DynamoDB Streams or published events) where flexible SQL and aggregations run. This is why the system has both databases."
112,Microservices,medium,"When describing which parts you built, what is the recommended framing?",Claim ownership of the entire platform to sound senior,Say only 'I owned the money side' and stop,Avoid mentioning any teammate contributions,Draw the boundary explicitly in three tiers: built/owned vs integrated-with vs understand-from-working-nearby,D,"The lesson is to draw the ownership boundary explicitly in three tiers  -  built/owned (the bookkeeping service, DynamoDB modeling with GSIs, reporting), integrated-with (the wallet/payment flow), and understand-from-working-nearby (reconciliation, KCB integration, and gateway security were teammates' or the platform's work). Being crisp about ownership reads as honest and avoids over-claiming that invites drilling into your weakest area."
113,Microservices,hard,"How does 20NINE deliver a push notification to a device via AWS SNS, and how are Android and iOS handled?","Register the device token as a platform endpoint (createPlatformEndpoint) against the platform application ARN, then publish to the endpoint ARN  -  FCM for Android, APNS for iOS, using messageStructure json",Publish the message directly to the device token for both platforms,Send an email via SES that the app converts to a push,Use a single universal payload identical for all platforms,A,"SNS does not publish straight to a token: you first register the token as a platform endpoint against the platform application ARN (createPlatformEndpoint), which returns an endpoint ARN, then you publish to that endpoint. 20NINE has separate platform applications  -  FCM for Android and APNS for iOS  -  and uses messageStructure json so the payload is formatted per platform (GCM shape for Android, APNS shape for iOS). Note the real code creates the endpoint, publishes, then deletes it in a finally block; reusing a stored endpoint ARN would be better."
114,Microservices,medium,Does 20NINE implement real web push via SNS?,"Yes, via a fully configured WEBPUSH platform application with VAPID",No  -  there is a leftover ARN_WEB constant that is never referenced and points at a GCM app; the Platform enum is only IOS and ANDROID,"Yes, web push is the primary channel","No, because SNS cannot do web push at all",B,"There is no real web push. A leftover ARN_WEB constant is defined but never referenced and points at a GCM app, not a browser web-push platform. The Platform enum is only { IOS, ANDROID } and the push logic only branches on those two. SNS can do web push via a WEBPUSH platform application with VAPID, but 20NINE did not set that up."
115,Microservices,hard,"How should stale device tokens be handled, and why are notifications sent asynchronously?",Retry stale tokens forever; send notifications synchronously for reliability,Delete the user account when a token goes stale; send synchronously,Currently pushes go to all stored tokens with per-push try/catch (stale ones just log and fail); the proper fix is to act on SNS invalid-endpoint failures and remove the token. Notifications are async (via Kafka) so a side effect never slows or fails the main transaction,Store tokens only in memory; block the request until SNS confirms delivery,C,"On reinstall a user gets a new token while old ones remain stored, so each push is wrapped in try/catch  -  the valid token succeeds and the stale one just logs and fails, meaning dead endpoints keep being hit. The proper fix is to act on the failure: SNS reports invalid/disabled endpoints, so catch that and remove the token from the DB. Notifications go out asynchronously (the service publishes to Kafka and the notification service consumes it) because a notification is a side effect that must not slow down or fail the actual transaction."
116,Microservices,hard,"How does 20NINE deploy and run its services, and what does the deploy chain look like?",Bare-metal servers with manual SSH deploys,A single monolith deployed to Elastic Beanstalk,AWS Lambda functions triggered by API Gateway only,"EKS (Kubernetes on AWS): each service has a Dockerfile, Helm charts manage per-environment config, and ArgoCD provides a GitOps flow  -  build image, push to registry, ArgoCD auto-syncs to the cluster",D,"Services run on EKS (Kubernetes on AWS). Each service is packaged as a container image via a Dockerfile, Helm charts manage the Kubernetes config and per-environment variables, and deploys are automated with ArgoCD in a GitOps flow  -  ArgoCD watches the repo and auto-syncs changes. The chain is: build the image, push it to the registry, ArgoCD picks it up and deploys to EKS. Supporting AWS services include DynamoDB, MSK (managed Kafka), S3, SNS, and ElastiCache/Redis."
117,Microservices,expert,What is 20NINE's deploy strategy and how is cross-service debugging done?,"Rolling update (the K8s default, no explicit strategy block)  -  but with replicas: 1 and no readiness probes it is not truly zero-downtime; debugging uses distributed tracing (traceId/spanId via Spring Cloud Sleuth, Zipkin/Brave) with logs shipped through Logstash into OpenSearch",Canary by default with no tracing,Blue-green by default with full request logging on one server,Recreate strategy with all pods restarted at once; debugging by SSH into each pod,A,"Deployments declare no explicit strategy block, so Kubernetes uses the default RollingUpdate  -  new pods come up healthy before old ones retire. The senior-level catch: each deployment is replicas: 1 with no readiness probes, so it is not truly zero-downtime (that needs 2+ replicas and probes). For debugging, distributed tracing propagates a traceId/spanId via Spring Cloud Sleuth (Zipkin/Brave for the tracing layer, including gRPC), and every service ships logs via Logstash into OpenSearch, so one traceId reveals a request's full path across services."
118,Microservices,expert,"How is gRPC communication between internal 20NINE services secured, and how would you harden it?","mTLS on every call today, so no hardening is needed","No application-level security (plaintext gRPC, no mTLS, no per-call token)  -  trust relies on Kubernetes network isolation; real security is at the edge (gateway JWT + Redis blacklist) and the KCB integration; hardening = mTLS via a service mesh (Istio/Linkerd) plus signed per-call identity for zero-trust",Per-call JWT auth on every gRPC method already,"gRPC traffic is encrypted by default by Kubernetes, so it is already zero-trust",B,"Between internal services there is no application-level security: gRPC runs plaintext with no mTLS and no per-call auth token. Trust relies on Kubernetes network isolation  -  services talk over internal cluster DNS and nothing is exposed publicly, so the cluster is the trust boundary. Real security is concentrated at the edge (gateway validates a JWT on every request plus a Redis blacklist) and in the external KCB integration. This is a perimeter model (hard shell, soft interior); proper hardening is mTLS between services  -  typically via a service mesh like Istio or Linkerd  -  plus a signed per-call identity token, i.e. zero-trust. Never dead-end on the weakness; end on how you would secure it."
119,Spring Framework,expert,"What JWT algorithm does 20NINE use, and for the KCB bank integration are you signing or verifying?",RSA asymmetric for JWT; 20NINE signs KCB callbacks with its private key,HMAC-256 for JWT; 20NINE signs outbound KCB requests with its own RSA private key,"HMAC-256 (symmetric, shared secret) for JWT; for KCB, outbound uses OAuth2 (key/secret -> Bearer) and inbound callbacks are verified with KCB's RSA public key (SHA256withRSA)  -  20NINE verifies, it does not sign",No JWT is used; all auth is via KCB OAuth2,C,"JWT uses HMAC-256 (symmetric): the auth service signs with a shared secret and the gateway verifies with the same secret  -  simple and fast, but the shared secret means anyone who can verify can also sign (RSA asymmetric would be cleaner for a distributed/bank context). For KCB there are two directions with different security: outbound (20NINE -> KCB) uses OAuth2, exchanging consumerKey/secret for a Bearer token; inbound (KCB -> 20NINE callback) is verified with KCB's RSA public key (SHA256withRSA). So 20NINE holds KCB's public key to verify their signature  -  it does not sign its own requests with a private key. Across an org boundary, asymmetric signing means only KCB can sign (private key) and 20NINE can only verify (public key), which proves origin (non-repudiation)."
120,Microservices,hard,"Which saga style does 20NINE's money transfer use, and what is the consequence?",Orchestration  -  a central Transfer Orchestrator commands each leg and tracks completion,A synchronous gRPC call chain that blocks until both legs finish,Two-phase commit across payment and saldo for atomicity,"Choreography  -  the payment service publishes events and each service reacts and emits the next, with no central coordinator, so no single service has the end-to-end view",D,"20NINE uses choreography: the payment service publishes two independent INIT_TRANSACTION messages (debit + credit) to Kafka and walks away; each stage is a separate consumer (INIT -> PROCESS -> CONFIRM) that reacts and re-emits, and compensation is event-driven too (a refund consumer reacts to failure). There is no central coordinator, so the flow is decoupled but harder to track end-to-end  -  which is exactly why 20NINE leans on bank reconciliation as the backstop. Rebuilding with orchestration would add a Transfer Orchestrator owning the transfer as a state machine (single source of truth, immediate compensation) at the cost of a central component and more coupling."
121,Microservices,hard,How does the bookkeeping service differ from the monorepo services in how it trusts requests?,"It is a separate repository (com.mpesa) that re-validates tokens itself by calling the auth service at /authz/verify-token, instead of trusting that traffic arrived via the gateway",It lives in the monorepo and trusts the gateway like every other service,"It validates JWTs locally with the shared HMAC secret, unlike the gateway",It requires mTLS client certificates from callers,A,"Most 20NINE internal services trust that traffic arrived through the gateway and do not re-validate the JWT. The bookkeeping service is the exception: it lives in its own repository (package com.mpesa, older Spring Boot 2.6.11 baseline) and re-validates tokens by calling the auth service over HTTP at /authz/verify-token (AppFilter -> AuthService). It receives transfer transactions from saldo (via a WebClient POST to /bookkeeping/transactions) to keep the user's transaction ledger."
122,Microservices,expert,"In 20NINE, what is the true correctness guarantee for money movement?",The Kafka saga alone guarantees both legs commit atomically,"An out-of-band reconciliation job against the KCB bank statement, which posts corrective transactions for any missingBalance  -  the write path is best-effort per leg",The optimistic lock on the balance guarantees cross-leg correctness,"A distributed transaction spanning payment, saldo, and the bank",B,"Correctness is spread across four mechanisms  -  per-wallet optimistic lock, a Kafka saga per leg, compensating refunds on failure, and bank reconciliation per account  -  but the real backstop is reconciliation against KCB. The write path is best-effort per leg (no shared transaction, no correlation id, no outbox), so legs can diverge on failure; the reconciliation job compares 20NINE's records to the bank statement and posts corrective transactions for any missingBalance. The presence of a missingBalance field shows drift is expected and repaired after the fact."
123,Microservices,hard,"In 20NINE, how is the PostgreSQL mirror kept in sync with DynamoDB, and what happens if that sync fails?","Both are written in one distributed transaction, so they can never diverge",SQL is written synchronously before the DynamoDB commit,"SQL is written after the DynamoDB commit, asynchronously via transactional event listeners (REQUIRES_NEW, some @Async); if a listener fails the stores diverge and reconciliation is the backstop",A nightly batch job overwrites PostgreSQL from DynamoDB,C,"DynamoDB is the operational source of truth; PostgreSQL/JPA is a synchronized mirror written after the DynamoDB commit, asynchronously, via OLAP transactional event listeners (Spring @TransactionalEventListener, REQUIRES_NEW, some @Async in repository/olap). That makes the two stores only eventually consistent  -  a failed listener can leave them diverged, which is another reason the bank reconciliation job exists."
124,Spring Framework,hard,How does 20NINE reduce auth latency and database load on the hottest path (token validation)?,By validating tokens against the database on every request,By issuing long-lived tokens that never need re-checking,By disabling token validation for internal services,"By caching tokens in Redis (a @RedisHash with access/refresh token and expiry) so validation is an in-memory lookup, with TTL handling expiry and a Redis blacklist for revocation",D,"The auth service stores tokens in Redis (a @RedisHash holding access token, refresh token, and expiry), so validation becomes an in-memory Redis lookup instead of a DB round-trip, and Redis TTL handles expiry automatically. Revocation is also Redis-backed: the gateway checks a blacklist of blocked user ids during JWT verification. The bookkeeping service consumes this by delegating validation to the auth service (/authz/verify-token), so the expensive part stays cached rather than hitting a DB per request. If Redis is down, fall back to DB or force re-auth  -  it must never let an invalid token through."
125,Microservices,expert,Which set of improvements best matches what 20NINE would add if the money path were rebuilt?,"Add a transactional outbox and correlation ids across legs, mTLS between services, AWS Secrets Manager, re-enable disabled retry timers, and asymmetric JWT signing",Remove reconciliation and rely solely on the saga,Switch DynamoDB for a single SQL database with multi-row ACID,Replace Kafka with synchronous gRPC for all money movement,A,"The named weaknesses drive the rebuild list: no transactional outbox (a DB write can succeed while the follow-up Kafka publish is lost) and no correlation ids linking the legs, plaintext gRPC with no mTLS, committed dev/staging secret fallbacks with no Secrets Manager/SSM, commented-out retry timers, and symmetric HMAC JWT signing. Fixes: transactional outbox + correlation ids, mTLS (ideally via a service mesh), AWS Secrets Manager, re-enabled retry timers, and asymmetric (RSA) JWT signing."
126,Performance,hard,What does a memory leak actually mean in a garbage-collected language like Java?,"Objects that are no longer needed but remain reachable from a GC root, so the collector cannot reclaim them",The JVM forgetting to call free() on allocated memory,Any object that survives more than one GC cycle,Running out of stack space during deep recursion,A,"Java has no manual free(), so a leak is not unreleased memory in the C sense. It is objects you no longer need that are still reachable from a GC root (static fields, thread locals, live collections), so GC keeps them alive. The heap grows over time until OutOfMemoryError."
127,Performance,medium,Which heap usage pattern most strongly suggests a memory leak?,Heap drops to near zero after every garbage collection,Old-generation usage keeps climbing after each full GC and reclaims less each time,Young generation fills and clears rapidly,Heap stays flat under constant load,B,"A healthy heap returns to a stable baseline after full GC. A leak shows a rising sawtooth: the post-GC floor keeps climbing because retained objects accumulate, full GCs get more frequent, and each reclaims less  -  until OutOfMemoryError."
128,Performance,hard,What is the most effective workflow to find the root cause of a Java heap leak?,Add more logging around every allocation,Increase -Xmx until the error stops,Take a heap dump (jmap or HeapDumpOnOutOfMemoryError) and analyze it in Eclipse MAT using the dominator tree and path-to-GC-root,Restart the service on a schedule to clear memory,C,"Capture a heap dump with jmap -dump:live or -XX:+HeapDumpOnOutOfMemoryError, then open it in Eclipse MAT. The dominator tree shows which objects retain the most memory and the path-to-GC-root reveals exactly what reference is holding them  -  that reference is the leak."
129,Performance,medium,An in-memory cache backed by a static HashMap keeps growing until OutOfMemoryError. What is the correct fix?,Make the map volatile so the GC can collect it,Bound the cache with a max size and TTL eviction (e.g. Caffeine/Guava) instead of an unbounded static map,Call System.gc() periodically to force cleanup,Move the map from a static field to an instance field,B,"A static, unbounded map lives for the whole app lifetime and retains every entry, so it grows without limit. The fix is an eviction policy  -  a real cache library like Caffeine or Guava with maximumSize and expireAfterWrite/TTL  -  so old entries are removed automatically."
130,Performance,medium,What is the general pattern for resolving a memory leak once you have found the retaining reference?,Increase the heap size so the leak takes longer to matter,Break the reference when the object is no longer needed (remove/close/clear/deregister) and bound anything that grows with size limits and TTL,Switch to a different garbage collector,Wrap all objects in try-with-resources regardless of type,B,"The fix is always to stop retaining what you no longer need: remove() the ThreadLocal, close() the resource, clear() or evict the collection, deregister the listener  -  and put hard bounds (max size + TTL) on any cache or collection that can grow. Raising -Xmx only delays the OOM, it does not fix the leak."
131,Microservices,hard,"In 20NINE, two wallet balance updates arrive at the same time for the same user. What goes wrong and how is it fixed?",A deadlock  -  both transactions wait for each other's lock,"A lost update  -  both read the same starting balance, each applies its delta, and the second write overwrites the first; fixed with optimistic locking (DynamoDB version attribute + conditional write)",A dirty read  -  one transaction reads uncommitted data from the other,Nothing goes wrong  -  Kafka guarantees ordered delivery per partition,B,"With a mutable read-modify-write balance, two concurrent reads both see the same starting value. Each applies its delta and writes back, so the second write silently overwrites the first  -  one update is lost. The fix is optimistic locking: a version attribute on the balance record and a DynamoDB conditional write that only succeeds if the version still matches what was read. A stale write fails with ConditionalCheckFailedException; the loser retries against the fresh balance instead of being silently dropped."
132,Microservices,hard,In 20NINE the balance update method is marked synchronized. Why does that not prevent the lost-update race condition?,synchronized is deprecated in Java 17,"synchronized only works on static methods, not instance methods","synchronized locks one JVM instance; with multiple Kubernetes pods, two pods can race on the same wallet  -  the guard must live at the database, not in process",synchronized prevents deadlocks but not race conditions,C,"synchronized protects a single JVM  -  it locks within one process. The service runs as multiple pods on Kubernetes, so two requests for the same wallet can hit two different pods simultaneously. Pod A's lock is invisible to Pod B, so they still race and the lost update still happens. The concurrency guard must live where the shared state is: the database. In 20NINE that is the DynamoDB version-based conditional write. A distributed Redis lock is the alternative if a single-writer-per-key constraint is needed, but optimistic locking is cheaper when real collisions are rare."
133,Microservices,medium,"Why can a Kafka consumer in 20NINE receive the same message more than once, and how is the balance update protected against it?",Kafka guarantees exactly-once by default so duplicates cannot happen,At-least-once delivery means a message can be redelivered on rebalance or retry; the confirm step is made idempotent by checking whether the transaction is already in a final state (SUCCESS/FAILED) and returning early if so,The consumer deduplicates using the Kafka offset as a unique key,Duplicate messages are filtered at the gateway before reaching the service,B,"Kafka's default guarantee is at-least-once: the consumer processes the message then commits the offset. If the consumer crashes before committing, or a rebalance occurs, the broker redelivers the message. Without idempotency the confirm step would re-apply the balance delta and double-charge the user. The fix is to check the transaction's current status before applying  -  if it is already SUCCESS or FAILED the handler returns early, making any redelivery a safe no-op. The transaction id is the natural idempotency key."
134,Microservices,expert,Why does Kafka's exactly-once delivery NOT solve the duplicate-apply problem when the consumer writes to DynamoDB?,"Exactly-once is only available on Kafka Streams, not plain consumers","Exactly-once wraps the Kafka consume and offset commit in a transaction, but that transaction boundary cannot include an external DynamoDB write  -  a DynamoDB update cannot be rolled back by a Kafka transaction, so the guarantee breaks at the external system",Exactly-once requires a separate deduplication table that 20NINE did not implement,"Exactly-once guarantees are only for producers, not consumers",B,"Kafka's exactly-once (transactional producers + consumers) makes the read-process-commit atomic within Kafka itself. But the transaction cannot cross the boundary into an external system like DynamoDB. If the service writes to DynamoDB and then the Kafka commit fails, the DynamoDB write already happened and cannot be rolled back by Kafka. So the duplicate risk resurfaces at the external write. The correct solution for Kafka-to-external-DB exactly-once semantics is the transactional outbox pattern: write to the DB and an outbox table in one local transaction, then publish from the outbox  -  closing the crash gap without relying on Kafka transactions."
135,Microservices,expert,"Where does 20NINE sit on the CAP theorem, and does the answer differ between the wallet balance and the overall system?",Fully CP everywhere  -  availability is always sacrificed for consistency,Fully AP everywhere  -  consistency is always eventual,"CP for the wallet balance (fails the write rather than risk corrupting money), AP for the overall system (eventual consistency across legs and stores, healed by reconciliation)",CA  -  partition tolerance is not needed inside a single Kubernetes cluster,C,"Partition tolerance is non-negotiable in a distributed system, so the real choice is CP vs AP. For the wallet balance, 20NINE is CP: if the conditional write cannot confirm the version, the transaction fails rather than guess  -  consistency is preferred over availability for that operation. For the broader system (debit and credit legs, DynamoDB-to-PostgreSQL sync), 20NINE is AP: the system stays available and accepts eventual consistency, with bank reconciliation healing drift after the fact. Different parts of the same system make different CAP tradeoffs."
136,Microservices,hard,"In 20NINE, why does the DynamoDB Transaction table have GSIs, and what specific query problem do they solve?",GSIs allow the table to be shared across multiple AWS accounts,Without GSIs every query would require a full table Scan; GSIs keyed on userId + createdDate and userId + updatedDate let the service fetch a user's transactions ordered by date in a single efficient query,GSIs are required for DynamoDB encryption at rest,GSIs replace the need for a sort key on the primary index,B,"DynamoDB goes straight to a partition via the partition key, but can only sort within that partition on the sort key. Queries like 'all transactions for this user ordered by date' or 'recently updated transactions for this user' cannot be served by the primary key alone without a Scan. GSIs on (userId, createdDate) and (userId, updatedDate) give the service efficient, ordered, user-scoped access patterns without scanning the whole table. The tradeoff: GSIs must be defined upfront because DynamoDB requires you to know your access patterns before modeling  -  you cannot add an ad-hoc SQL query later."
137,Microservices,hard,"In 20NINE, how is a push notification delivered to an Android vs iOS device via AWS SNS?",SNS publishes directly to a device token without any registration step,"SNS requires registering the device token as a platform endpoint (FCM ARN for Android, APNS ARN for iOS) via createPlatformEndpoint first; SNS returns an endpoint ARN; the message is then published to that endpoint ARN using messageStructure: json with platform-specific payloads",SNS sends an SMS fallback when the app is not installed,The gateway calls the device directly over gRPC,B,"SNS does not publish directly to a raw device token. The flow is: (1) register the device token with the platform application ARN  -  FCM for Android, APNS for iOS  -  via createPlatformEndpoint, which returns an endpoint ARN for that device; (2) publish the message to the endpoint ARN using messageStructure: json so the payload is formatted per platform (GCM JSON format for Android, APNS JSON format for iOS). In 20NINE, notifications are sent asynchronously  -  the service publishes to a Kafka topic and the notification service consumes it  -  so a slow or failed SNS call cannot delay or fail the original transaction."
138,Microservices,medium,"In 20NINE, why are push notifications sent asynchronously via Kafka rather than synchronously in the same request?",SNS requires asynchronous calls due to an AWS API limitation,A notification is a side effect  -  it must not be able to slow down or fail the main transaction; publishing to Kafka decouples the notification from the business operation so SNS latency or downtime has no impact on the core flow,Kafka is faster than a direct SNS call,Synchronous SNS calls are not supported by Spring Boot,B,"A notification is a side effect of a business event (order placed, payment confirmed), not part of the transaction itself. If SNS is slow or temporarily unavailable, the user's money movement should be completely unaffected. Publishing to a Kafka topic decouples the notification: the business operation completes and commits, then the notification service consumes the event independently. This also gives natural retry semantics  -  if the notification fails, Kafka can redeliver without replaying the business logic."
139,Microservices,expert,20NINE does not use event sourcing for the wallet. What are the concrete disadvantages of the current mutable-state approach?,There are no disadvantages  -  mutable state is always preferable for money,"No atomic paired debit/credit (legs can diverge silently), no transactional outbox (a DB write can succeed while the Kafka publish is lost), partial audit trail (balance is not provably the sum of its history), and correctness depends on an out-of-band reconciliation job rather than the write path",Mutable state prevents the use of DynamoDB,The optimistic lock makes mutable state equivalent to event sourcing,B,"The design spreads correctness across four mechanisms  -  optimistic lock, Kafka saga, compensating refunds, bank reconciliation  -  but each has a gap. The two legs have no shared transaction or correlation id, so a debit-ok/credit-fail divergence is only caught by reconciliation after the fact. There is no transactional outbox, so a DB write can succeed while the follow-up Kafka publish is lost, silently dropping a leg. The balance is a mutable number, so it is not provably the sum of its event history  -  the log and event tables can drift from the stored balance. Known fragile spots include commented-out retry timers and unimplemented duplicate handling."
140,Microservices,expert,"If 20NINE rebuilt the money path with a transactional outbox, what problem does it solve and how does it work?",It prevents duplicate Kafka messages by filtering at the broker,"A DB write can succeed while the follow-up Kafka publish crashes, silently dropping a leg; the outbox fixes this by writing the event to an outbox table in the same local DB transaction as the business write  -  the two commit or roll back together  -  then a separate publisher (polling job or CDC via Debezium) sends the outbox rows to Kafka, closing the crash gap",It replaces DynamoDB with a SQL database for atomic multi-row writes,It makes Kafka delivery exactly-once without requiring idempotent consumers,B,"Without an outbox, the service writes to DynamoDB and then publishes to Kafka as two separate steps. If the process crashes between them, the DB write persisted but the Kafka message was never sent  -  the leg is silently lost. The transactional outbox pattern closes this gap: in the same local transaction as the business write, insert the intended event into an outbox table. They commit atomically. A separate relay process reads unpublished outbox rows and sends them to Kafka  -  either a polling loop or CDC (Debezium tailing the DB transaction log). Publishing is still at-least-once, so consumers must remain idempotent, but the crash-between-write-and-publish window is eliminated."
141,Spring Framework,medium,"What is the difference between @Component, @Service, and @Repository in Spring? Are they functionally different?",All three behave differently at runtime and cannot be used interchangeably,"@Service and @Component are functionally identical (both register a bean via component scanning); @Repository additionally enables automatic exception translation via PersistenceExceptionTranslationPostProcessor, converting DB-specific exceptions into Spring's DataAccessException hierarchy",@Repository creates a JPA repository automatically; @Service manages transactions; @Component does neither,@Service enables AOP proxying while @Component and @Repository do not,B,"All three are stereotype annotations that register the class as a Spring bean through component scanning. @Service and @Component are functionally identical  -  the difference is purely semantic (@Service signals business logic, @Component is the generic catch-all). @Repository is the exception: it activates PersistenceExceptionTranslationPostProcessor, which wraps the bean so persistence-specific exceptions (SQLException, JPA PersistenceException) are translated into Spring's unified DataAccessException hierarchy. This gives the service layer one consistent exception type regardless of the underlying DB technology."
142,Spring Framework,hard,"Besides the rollback-on-checked-exceptions pitfall, when does @Transactional silently do nothing even though it appears correct?",When applied to a private method,When the bean has no interface,"When a bean calls its own @Transactional method via 'this' (self-invocation), bypassing the Spring proxy so no transaction is started",When used with constructor injection,C,"@Transactional works through a Spring proxy  -  external calls go through the proxy which starts/commits the transaction. But if a method calls another @Transactional method on the same bean using this.method(), it bypasses the proxy entirely and the annotation has no effect  -  no transaction is started. Combined with the checked-exception pitfall (default rollback only on RuntimeException/Error), these are the two most common @Transactional traps. Fixes for self-invocation: inject self as a dependency, use AopContext.currentProxy(), or extract the method into a separate bean."
143,Spring Framework,medium,"What is the difference between == and .equals() in Java, and what must you also override alongside equals() and why?",Both == and .equals() always check reference identity,"The == operator checks reference identity (same object in memory); .equals() checks logical equality (same content, if overridden); you must also override hashCode() because equal objects must have the same hash code - HashMap/HashSet use hashCode() to pick the bucket first then equals() inside it, so a mismatch causes duplicates in sets and null returns from maps",You only need to override equals() and hashCode() is optional,The == operator calls .equals() internally for non-primitive types,B,"The == operator checks whether two variables point to the same object in memory. The .equals() method checks logical equality - but only if the class overrides it; otherwise it falls back to reference identity. The hashCode contract states: if a.equals(b) is true then a.hashCode() == b.hashCode() must also be true. HashMap and HashSet use hashCode() to locate the bucket, then .equals() to find the matching entry within it. If two logically equal objects produce different hash codes they land in different buckets - HashSet stores both as duplicates and HashMap.get() returns null even though the key is present. This is why equals() and hashCode() must always be overridden together."
144,Spring Framework,hard,"Walk through how HashMap put and get work internally, including what happens on collision and when the bucket structure changes.",HashMap uses a sorted tree for all buckets from the start,"put() calls hashCode() on the key, applies a secondary spread and mods by array length to pick a bucket, then walks that bucket comparing with equals() - updating the value if found or appending a new entry; get() follows the same path; collisions are chained as a linked list, converted to a red-black tree when a bucket reaches 8 entries (table size >= 64); the map resizes (doubles and rehashes) when entries exceed capacity times load factor (default 0.75)",HashMap stores entries in insertion order using a doubly-linked list,put() always appends to a global list and get() does a linear scan,B,"put(key, value): (1) call key.hashCode(), apply HashMap's internal spread function, mod by array length to get the bucket index; (2) walk the bucket - if an existing key matches via equals(), update its value; otherwise append a new Entry. get(key) follows the same steps: hash the key, find the bucket, walk with equals(). Collisions (multiple keys in one bucket) are stored as a linked list, giving O(n) worst-case lookup. When a single bucket accumulates 8 or more entries and the table has at least 64 slots, the linked list is converted to a balanced red-black tree, reducing worst-case lookup to O(log n). When total entries exceed capacity times 0.75 (the load factor), the backing array doubles in size and all entries are rehashed into the new layout to keep individual buckets short."